{
  "$schema": "./node_modules/@angular/cli/lib/config/schema.json",
  "project": {
    "version": "1.0.0-alpha.6",
    "name": "coreui-angular"
  },
  "apps": [
    {
      "root": "src",
      "outDir": "dist",
      "assets": ["assets"],
      "index": "index.html",
      "main": "main.ts",
      "polyfills": "polyfills.ts",
      "test": "test.ts",
      "tsconfig": "tsconfig.app.json",
      "testTsconfig": "tsconfig.spec.json",
      "prefix": "app",
      "styles": [
        "scss/style.scss",
        "../node_modules/font-awesome/css/font-awesome.min.css",
        "../node_modules/primeng/resources/primeng.min.css",
        "../node_modules/primeng/resources/themes/omega/theme.css",
        "../node_modules/ng2-toastr/bundles/ng2-toastr.min.css"
      ],
      "scripts": [
        "../node_modules/chart.js/dist/Chart.bundle.min.js",
        "../node_modules/chart.js/dist/Chart.min.js",
        "../node_modules/jquery/dist/jquery.min.js",
        "../node_modules/bootstrap/dist/js/bootstrap.min.js"
      ],
      "environmentSource": "environments/environment.ts",
      "environments": {
        "dev": "environments/environment.ts",
        "prod": "environments/environment.prod.ts"
      }
    }
  ],
  "e2e": {
    "protractor": {
      "config": "./protractor.conf.js"
    }
  },
  "lint": [
    {
      "project": "src/tsconfig.app.json"
    },
    {
      "project": "src/tsconfig.spec.json"
    },
    {
      "project": "e2e/tsconfig.e2e.json"
    }
  ],
  "test": {
    "karma": {
      "config": "./karma.conf.js"
    }
  },
  "defaults": {
    "styleExt": "scss",
    "prefixInterfaces": false
  }
}
